{
  "version": "48.0.0",
  "files": {
    "c898084a81be024e172ae2eaf51f4391d49c812bf8d9865c7a450539a719bc9f": {
      "displayName": "SecureApiLambda/Code",
      "source": {
        "path": "asset.c898084a81be024e172ae2eaf51f4391d49c812bf8d9865c7a450539a719bc9f",
        "packaging": "zip"
      },
      "destinations": {
        "current_account-current_region-c315e328": {
          "bucketName": "cdk-hnb659fds-assets-${AWS::AccountId}-${AWS::Region}",
          "objectKey": "c898084a81be024e172ae2eaf51f4391d49c812bf8d9865c7a450539a719bc9f.zip",
          "assumeRoleArn": "arn:${AWS::Partition}:iam::${AWS::AccountId}:role/cdk-hnb659fds-file-publishing-role-${AWS::AccountId}-${AWS::Region}"
        }
      }
    },
    "4ebd6e81467d8ef945f94a0692f63aeb60a469b0116a7e3c39d96172d1d966c8": {
      "displayName": "SecureApiDemoStack Template",
      "source": {
        "path": "SecureApiDemoStack.template.json",
        "packaging": "file"
      },
      "destinations": {
        "current_account-current_region-92590f1f": {
          "bucketName": "cdk-hnb659fds-assets-${AWS::AccountId}-${AWS::Region}",
          "objectKey": "4ebd6e81467d8ef945f94a0692f63aeb60a469b0116a7e3c39d96172d1d966c8.json",
          "assumeRoleArn": "arn:${AWS::Partition}:iam::${AWS::AccountId}:role/cdk-hnb659fds-file-publishing-role-${AWS::AccountId}-${AWS::Region}"
        }
      }
    }
  },
  "dockerImages": {}
}